"degree","exp2","parity","npts","N_weiss","time_fit","time_qsp","max_error_poly","max_error_qsp","constraint_violated","coef","coef_full","phi_proc"
"32","5.0","0","524288","16384","24.207256078720093","4.024661064147949","0.03477998130562254","0.03478168608536725","True","[0.08061250764540395, -0.15526666249637686, 0.13756029460828223, -0.10867424369894765, 0.06975535462475957, -0.022800624645541823, -0.0290182456336795, 0.08103306859584443, -0.1268305958761507, 0.15815978275969717, -0.16508486031071773, 0.1364737723130807, -0.06089995826652278, -0.07199079974592251, 0.26964080416622915, -0.5343242836077722, -0.6583453101779203]","[0.08061250764540395, 0.0, -0.15526666249637686, 0.0, 0.13756029460828223, 0.0, -0.10867424369894765, 0.0, 0.06975535462475957, 0.0, -0.022800624645541823, 0.0, -0.0290182456336795, 0.0, 0.08103306859584443, 0.0, -0.1268305958761507, 0.0, 0.15815978275969717, 0.0, -0.16508486031071773, 0.0, 0.1364737723130807, 0.0, -0.06089995826652278, 0.0, -0.07199079974592251, 0.0, 0.26964080416622915, 0.0, -0.5343242836077722, 0.0, -0.6583453101779203]","[-1.352133019100524, -0.38009466361200916, 0.2477332800991549, -0.11227776583141691, 0.003850245308530726, 0.06941595976181067, -0.11168005199223256, 0.12460875932798908, -0.11417169750876524, 0.0858195901837396, -0.04775606513604951, 0.00570063294251738, 0.03549573268937394, -0.07324358865645236, 0.10283424182598745, -0.12313184742373767, 0.12923915383763887, -0.1231310281675382, 0.10283445777920112, -0.07324149410748299, 0.0354989160996573, 0.005703056684035425, -0.04775427500643158, 0.08581952879588231, -0.11416914531639182, 0.12460775955112703, -0.11167950184013418, 0.06941807087408372, 0.0038521768615309817, -0.11227290560828009, 0.2477357334330255, -0.3800886259958457, -1.3521285052298477]"
